wallet,redeemed
0x002b7c8158fb6C1FDCC144a58c36e686a6dcdB5E,64834047882814028491
0x027aBf2e14bc9Aa5126CF0dE7Aa687B474776383,122749822415249484927
0x03d3A2b237106b228f2d6307fF33c6b2F3448E38,1863301157484795313993
0x05B362A7Bf99d114597d015fd66cDc29bF5238b3,353824167583440747650
0x078eC83Dcb4Eb62015ebE71ff3506e582ACA0D67,542952704484795201034
0x0998229A91eb8f1D1880a5324585CB8c4a79D67E,155249709720035369032
0x13c4a32471b1865234c135B5f0C4355Db8c88c1e,537669204346179800950
0x1F102e888a437Be8B37485EeC3aa6F9EDE379D8F,7282611714502697790
0x25C9e409fB5472002ec1260E6ed57B1642c9a600,37889523604257641402
0x370026BE71Cc44702D494aFAD640800d1b749e53,41818665848825411165
0x40C1DAF6880b94dA2959a16c13c664Dc33769966,258742411383237040224
0x44F5635264A7a0f024E3E1475824d152456548f2,11600430056897069467
0x48E12a5D0ae994d780Fd7e3680aA1b2739eE49c0,1170259047222945662
0x5430Eca56CCd494E61BE8212a560225C96f79657,226070295301461730803
0x55466772eC101497AE094937700e7ac439212C71,1280087395682420608
0x6B97311f956F36B53e60174c2C4E951ef5d57e23,7187702576825144887
0x6D454e61876334ee2Ca473E3b4B66777C931886E,126255145117856695882
0x6c395e848B3886578e125F68877e230732A9C9C5,256584780306078421999
0x735663bAA559207B22d8d718913E6b20C896a95E,55804496393441418542
0x7e09D13b29A61485f77C9Cc36664473F9Fc4d3D7,20777895847290772699
0x8D5F83CC91FA4907F824671cb8b594d2C21051C8,369580116302809767011
0x911F6179BAa9c413b76A0417902781E05F5b7539,70852790116968129553
0xAb8AF03Ad824c5aFaB3E7DE1dc500099cfb9d018,106325010444894652332
0xB13C59ef421109016115eCEC9277321e2A09b1B8,238386993836169059833
0xD88D15C11da5330F8C4D9579Ac45a6A76fc3f2b6,787889659135769562
0xDeE2a2e6e3298395c47E1283D2951b6016d9F56D,2255668984709872186
0xEE7a7D85336Aa5F6da385de1547c7381719D9d08,23266044810436518698
0xEc95Cba734641596d9daB2b58b3E427876EadaCC,499123124296194717
0xF188CCdD5107fc2C04eDe0Ec04afBbf45DAe275D,194485651334160573370
0xF45145a266AF4e6c669B884F11a2468B69BF5485,20460014797399721805
0xFaAF3cBe63800f7d93E18F6d08C8336E357DD57a,100079297396565145643
0xcCec267ED87a252617a5F60d3ea46ee9FC5130B5,180503633714988459694
0xd64f3d85Ac39Dd339e595337AE79Ac7b269CA9dD,383079569741259846270
0xdFf41fDE39cf014dE4A25B40FaC0B80aB6691486,30421235469508703535
0xe4eDa95B2166C85537948A7d25D3cA3DAb707495,53827681661547629148